id,name,attribute,tooltip,phys_atk,mind_atk,mp_cost,type,tags,chainable,chain_value,target
SYS-001,시스템 설정,없음,"50턴이 지나면 필드 이벤트(악마/천사)가 발생합니다. 확률은 엔진에서 조정 가능합니다.",0,0,0,SYSTEM,"turn_limit=50;angel_chance=0.08;demon_chance=0.92",FALSE,0,없음
EVT-ANGEL-HP10,천사 축복 (체력 +10),빛,무작위 플레이어의 체력을 10 회복합니다.,0,0,0,EVENT,trigger=turn>=50;roll=angel;effect=hp+10,FALSE,0,무작위 플레이어
EVT-ANGEL-MP10,천사 격려 (정신력 +10),빛,무작위 플레이어의 정신력을 10 회복합니다.,0,0,0,EVENT,trigger=turn>=50;roll=angel;effect=mp+10,FALSE,0,무작위 플레이어
EVT-DEMON-DMG10,악마의 강타 (10),암흑,무작위 대상에게 체력 피해 10.,10,0,0,EVENT,trigger=turn>=50;roll=demon,FALSE,0,무작위 플레이어
EVT-DEMON-DMG20,악마의 강타 (20),암흑,무작위 대상에게 체력 피해 20.,20,0,0,EVENT,trigger=turn>=50;roll=demon,FALSE,0,무작위 플레이어
EVT-DEMON-DMG30,악마의 강타 (30),암흑,무작위 대상에게 체력 피해 30.,30,0,0,EVENT,trigger=turn>=50;roll=demon,FALSE,0,무작위 플레이어
EVT-DEMON-DISCARD2,악마의 소거 (손패 2장 파괴),암흑,무작위 대상의 손패 2장을 파괴합니다.,0,0,0,EVENT,trigger=turn>=50;roll=demon,FALSE,0,무작위 플레이어
DEB-CARDBLEED,카드 소실,없음,"정신력이 0이면 턴 시작 시 무작위 카드 1장이 소멸합니다.",0,0,0,STATUS,trigger=atTurnStart;applyWhen=mp==0,FALSE,0,자신
DEB-TARGETCONFUSE,표적 혼란,없음,"정신력이 0이면 공격 선언 시 대상이 무작위로 바뀝니다.",0,0,0,STATUS,trigger=onAttackDeclare;applyWhen=mp==0,FALSE,0,자신
DEB-SPELLFUMBLE,주문 실패,없음,"정신력이 0이면 매 턴 처음 시전한 마법이 실패합니다.",0,0,0,STATUS,trigger=onFirstMagicPerTurn;applyWhen=mp==0,FALSE,0,자신
ATK-SLASH,베기,없음,기본 물리 공격(1장만 사용 가능).,6,0,0,ATTACK,base_attack,FALSE,0,적 1명
ATK-TWINBLADE,쌍검 연타,없음,2회 타격. 방어는 누적으로 계산됩니다.,3,0,0,ATTACK,"multi_hit=2;base_attack",FALSE,0,적 1명
ATK-RISKYREAPER,위험한 수확자,암흑,강한 일격이지만 자신도 3 피해를 받습니다.,10,0,0,ATTACK,"self_damage=3;base_attack",FALSE,0,적 1명
BST-ATK+2,"공격 강화 +2",없음,"2'는 추가 사용권이 아니라 '공격력 보너스 +2'를 의미합니다. 같은 공격 스텝에서 여러 장 사용할 수 있습니다.",2,0,0,BOOST,"stackable;applies_to=attack_step",TRUE,0,자신
BST-ATK+3,"공격 강화 +3",없음,"여러 장을 연속 사용하여 누적 보너스를 얻을 수 있습니다.",3,0,0,BOOST,"stackable;applies_to=attack_step",TRUE,0,자신
MAG-FIREBOLT,화염 화살,화염,"정신공격 5, MP 3 소모. 같은 공격 스텝에서 마법은 1장만 사용할 수 있습니다.",0,5,3,MAGIC,"single_magic_per_step",FALSE,0,적 1명
MAG-ICESPIKE,얼음 창,물,"정신공격 7, MP 4 소모.",0,7,4,MAGIC,"single_magic_per_step",FALSE,0,적 1명
MAG-HOLYRAY,성광,빛,"정신공격 10, MP 6 소모. 피해의 일부(5)만큼 회복합니다.",0,10,6,MAGIC,"single_magic_per_step;lifesteal=5",FALSE,0,적 1명
MAG-METEORSHOWER,유성우,화염,"모든 적에게 정신공격 6 (명중률 75%).",0,6,7,MAGIC,"single_magic_per_step;aoe;hit_chance=75",FALSE,0,모든 적
DEF-SHIELD,방패 막기,없음,물리/정신 피해 모두에 사용 가능한 일반 방어 7.,0,0,0,DEFENSE,FALSE,0,자신
DEF-GUARDWALL,수호의 벽,없음,강력한 방어 12.,0,0,0,DEFENSE,heavy,FALSE,0,자신
REA-THORNS,가시 갑옷,없음,피해를 받으면서 발동: 방어 3 후 공격자에게 4 반격.,4,0,0,REACTION,on_damage,FALSE,0,공격자
REA-REFLECT,거울 반격,빛,되받아치기: 들어온 피해를 그대로 반사합니다.,0,0,0,COUNTER,reflect,FALSE,0,공격자
REA-BOUNCE,전가,없음,튕기기: 유저 1~4 중 무작위 대상에게 공격을 전가합니다.,0,0,0,BOUNCE,retarget=random_1of4,FALSE,0,무작위 1명
FLD-BLAZING,타오르는 지맥,화염,"필드를 화염으로 변경. 상대 턴 종료마다 25% 확률로 적 전체 3 피해 또는 시전자 공격 +2.",0,0,0,FIELD,"unique;replaces_existing",FALSE,0,전장
FLD-TIDE,밀려드는 조류,물,"필드를 물로 변경. 상대 턴 종료마다 25% 확률로 둔화 적용 또는 시전자에게 방어 3.",0,0,0,FIELD,"unique;replaces_existing",FALSE,0,전장
FLD-RADIANT,광휘의 수호,빛,"필드를 빛으로 변경. 상대 턴 종료마다 25% 확률로 시전자 회복 3 또는 적 명중률 25% 감소.",0,0,0,FIELD,"unique;replaces_existing",FALSE,0,전장
FLD-UMBRA,그림자 장막,암흑,"필드를 암흑으로 변경. 상대 턴 종료마다 25% 확률로 적의 MP 2 흡수 또는 공격력 -2 부여.",0,0,0,FIELD,"unique;replaces_existing",FALSE,0,전장
ATK-BASIC_L,기본 공격,없음,"물리 공격 4. (약함, 1회용)",4,0,0,ATTACK,"base_attack;one_time_use",FALSE,0,적 1명
ATK-FIRE_L,화염 휩쓸기,화염,"화염 속성 물리 공격 4. (약함, 1회용)",4,0,0,ATTACK,"base_attack;one_time_use",FALSE,0,적 1명
ATK-WATER_L,물결 강타,물,"물 속성 물리 공격 4. (약함, 1회용)",4,0,0,ATTACK,"base_attack;one_time_use",FALSE,0,적 1명
ATK-LIGHT_L,광휘의 찌르기,빛,"빛 속성 물리 공격 4. (약함, 1회용)",4,0,0,ATTACK,"base_attack;one_time_use",FALSE,0,적 1명
ATK-DARK_L,암흑 베기,암흑,"암흑 속성 물리 공격 3. 자신의 체력 2 피해. (약함, 1회용)",3,0,0,ATTACK,"base_attack;one_time_use;self_damage=2",FALSE,0,적 1명
ATK-BASIC_M,강력한 일격,없음,"물리 공격 8. (중간, 1회용)",8,0,0,ATTACK,"base_attack;one_time_use",FALSE,0,적 1명
ATK-FIRE_H,불꽃의 파열,화염,"화염 물리 공격 8. (중간, 1회용)",8,0,0,ATTACK,"base_attack;one_time_use",FALSE,0,적 1명
ATK-WATER_H,해일의 일격,물,"물 물리 공격 8. (중간, 1회용)",8,0,0,ATTACK,"base_attack;one_time_use",FALSE,0,적 1명
ATK-LIGHT_H,성스러운 심판,빛,"빛 물리 공격 8. (중간, 1회용)",8,0,0,ATTACK,"base_attack;one_time_use",FALSE,0,적 1명
ATK-DARK_H,그림자 분쇄,암흑,"암흑 물리 공격 5. (강함, 1회용)",5,0,0,ATTACK,"base_attack;one_time_use;self_damage=5",FALSE,0,적 1명
MAG-BASIC_L,마법 화살,없음,"마법 피해 3. MP 2 소모. (약함)",0,3,2,MAGIC,"single_magic_per_step",FALSE,0,적 1명
MAG-FIRE_L,불꽃 파편,화염,"화염 마법 피해 3. MP 2 소모. (약함)",0,3,2,MAGIC,"single_magic_per_step",FALSE,0,적 1명
MAG-WATER_L,물방울 폭발,물,"물 마법 피해 3. MP 2 소모. (약함)",0,3,2,MAGIC,"single_magic_per_step",FALSE,0,적 1명
MAG-LIGHT_L,여명의 섬광,빛,"빛 마법 피해 3. MP 2 소모. (약함)",0,3,2,MAGIC,"single_magic_per_step",FALSE,0,적 1명
MAG-DARK_L,어둠의 속삭임,암흑,"암흑 마법 피해 2. MP 5 소모. (약함)",0,2,5,MAGIC,"single_magic_per_step",FALSE,0,적 1명
MAG-BASIC_M,고위 마법,없음,"마법 피해 7. MP 4 소모. (중간)",0,7,4,MAGIC,"single_magic_per_step",FALSE,0,적 1명
MAG-FIRE_H,작열하는 불덩이,화염,"화염 마법 피해 7. MP 4 소모. (중간)",0,7,4,MAGIC,"single_magic_per_step",FALSE,0,적 1명
MAG-WATER_H,얼음 폭풍,물,"물 마법 피해 7. MP 4 소모. (중간)",0,7,4,MAGIC,"single_magic_per_step",FALSE,0,적 1명
MAG-LIGHT_H,천상의 빛줄기,빛,"빛 마법 피해 7. MP 4 소모. (중간)",0,7,4,MAGIC,"single_magic_per_step",FALSE,0,적 1명
MAG-DARK_H,공포의 영역,암흑,"암흑 마법 피해 5. MP 8 소모. (강함)",0,5,15,MAGIC,"single_magic_per_step",FALSE,0,적 1명
MAG-FIRE_AOE,불의 비,화염,"모든 적에게 화염 마법 피해 5. 75% 명중. MP 6 소모.",0,3,6,MAGIC,"aoe;accuracy=75%",FALSE,0,모든 적
MAG-WATER_AOE,폭우,물,"모든 적에게 물 마법 피해 8. 50% 명중. MP 6 소모.",0,7,6,MAGIC,"aoe;accuracy=50%",FALSE,0,모든 적
MAG-LIGHT_AOE,광명의 물결,빛,"모든 적에게 빛 마법 피해 12. 25% 명중. MP 6 소모.",0,10,6,MAGIC,"aoe;accuracy=25%",FALSE,0,모든 적
MAG-DARK_AOE,칠흑의 파동,암흑,"모든 적에게 암흑 마법 피해 3. 50% 명중. MP 10 소모.",0,3,10,MAGIC,"aoe;accuracy=50%",FALSE,0,모든 적
MAG-BASIC_AOE,대규모 마법,없음,"모든 적에게 마법 피해 5. 50% 명중. MP 7 소모.",0,5,7,MAGIC,"aoe;accuracy=50%",FALSE,0,모든 적
MAG-LIGHT_BOMB,빛 폭탄,빛,"빛 마법 피해 30. 대상 무작위(본인 포함). 표적 카드 소지 시 99 피해. MP 10 소모. (매우 강함)",0,30,10,MAGIC,"random_target;target_bonus=99;self_targetable",FALSE,0,무작위 대상
DEF-FIRE,화염 방패,화염,"화염 속성 방어 8. 물 속성 공격을 막을 수 있음.",0,0,0,DEFENSE,resist_fire,FALSE,0,자신
DEF-WATER,물 방패,물,"물 속성 방어 8. 화염 속성 공격을 막을 수 있음.",0,0,0,DEFENSE,resist_water,FALSE,0,자신
DEF-LIGHT,빛 방패,빛,"빛 속성 방어 8. 빛/암흑 속성 공격을 막을 수 있음.",0,0,0,DEFENSE,"resist_light;resist_dark",FALSE,0,자신
DEF-DARK,암흑 방패,암흑,"암흑 속성 방어 8. 암흑 속성 공격을 막을 수 있음.",0,0,0,DEFENSE,resist_dark,FALSE,0,자신
DEF-ALL,만능 방패,없음,강력한 일반 방어 12.,0,0,0,DEFENSE,heavy,FALSE,0,자신
WPN-BASIC,전투 도구,없음,"물리 공격 무기 7. (1회용)",7,0,0,ATTACK,"base_attack;one_time_use",FALSE,0,자신
WPN-FIRE,화염의 검,화염,"화염 속성 공격 무기 7. (1회용)",7,0,0,ATTACK,"base_attack;one_time_use",FALSE,0,자신
WPN-WATER,물의 단검,물,"물 속성 공격 무기 7. (1회용)",7,0,0,ATTACK,"base_attack;one_time_use",FALSE,0,자신
WPN-LIGHT,빛의 채찍,빛,"빛 속성 공격 무기 7. (1회용)",7,0,0,ATTACK,"base_attack;one_time_use",FALSE,0,자신
WPN-DARK,암흑의 창,암흑,"암흑 속성 공격 무기 5. 자신의 체력 3 피해. (1회용)",5,0,0,ATTACK,"base_attack;one_time_use;self_damage=3",FALSE,0,자신
WPN-M_BASIC,마력 도구,없음,"마법 무기 5. MP 3 소모. (중간)",0,5,3,ATTACK,base_magic,FALSE,0,자신
ARM-FIRE,화염 갑옷,화염,"화염 속성 방어 5. 물 속성 공격에 대응.",0,0,0,DEFENSE,resist_water_simple,FALSE,0,자신
ARM-WATER,물의 비늘,물,"물 속성 방어 5. 화염 속성 공격에 대응.",0,0,0,DEFENSE,resist_fire_simple,FALSE,0,자신
ARM-LIGHT,빛의 로브,빛,"빛 속성 방어 5. 빛/암흑 속성 공격에 대응.",0,0,0,DEFENSE,"resist_light_simple;resist_dark_simple",FALSE,0,자신
ARM-DARK,그림자 장포,암흑,"암흑 속성 방어 5. 암흑 속성 공격에 대응.",0,0,0,DEFENSE,resist_dark_simple,FALSE,0,자신
ARM-BASIC,일반 방어구,없음,일반 방어구 5.,0,0,0,DEFENSE,FALSE,0,자신
MAG-DRAIN_HP,생명 흡수,없음,"마법 피해 10. 피해만큼 사용자 피 회복.",0,10,6,MAGIC,"single_magic_per_step;lifesteal=1",FALSE,0,적 1명
MAG-HEAL_L,작은 치유,빛,체력 5 회복. MP 3 소모.,0,0,3,MAGIC,"single_magic_per_step",FALSE,0,자신
MAG-HEAL_H,큰 치유,빛,체력 10 회복. MP 6 소모.,0,0,6,MAGIC,"single_magic_per_step",FALSE,0,자신
BST-ATK+2_F,화염 공격 +2,화염,화염 속성 공격력 보너스 +2.,2,0,0,BOOST,"stackable;applies_to=attack_step",TRUE,0,자신
BST-ATK+2_W,물 공격 +2,물,물 속성 공격력 보너스 +2.,2,0,0,BOOST,"stackable;applies_to=attack_step",TRUE,0,자신
BST-ATK+2_L,빛 공격 +2,빛,빛 속성 공격력 보너스 +2.,2,0,0,BOOST,"stackable;applies_to=attack_step",TRUE,0,자신
BST-ATK+2_D,암흑 공격 +2,암흑,암흑 속성 공격력 보너스 +2.,2,0,0,BOOST,"stackable;applies_to=attack_step",TRUE,0,자신
BST-M_ATK+2_F,화염 마법 +2,화염,화염 마법 피해 보너스 +2.,0,2,0,BOOST,"stackable;applies_to=magic_step",TRUE,0,자신
BST-M_ATK+2_W,물 마법 +2,물,물 마법 피해 보너스 +2.,0,2,0,BOOST,"stackable;applies_to=magic_step",TRUE,0,자신
BST-M_ATK+2_L,빛 마법 +2,빛,빛 마법 피해 보너스 +2.,0,2,0,BOOST,"stackable;applies_to=magic_step",TRUE,0,자신
BST-M_ATK+2_D,암흑 마법 +2,암흑,암흑 마법 피해 보너스 +2.,0,2,0,BOOST,"stackable;applies_to=magic_step",TRUE,0,자신
REA-FIRE,화염 반격,화염,방어 3 후 공격자에게 화염 2 반격. (약함),2,0,0,REACTION,on_damage,FALSE,0,공격자
REA-WATER,물 반격,물,방어 3 후 공격자에게 물 2 반격. (약함),2,0,0,REACTION,on_damage,FALSE,0,공격자
REA-LIGHT,빛 반격,빛,방어 3 후 공격자에게 빛 2 반격. (약함),2,0,0,REACTION,on_damage,FALSE,0,공격자
REA-DARK,암흑 반격,암흑,방어 3 후 공격자에게 암흑 1 반격.(약함),1,0,1,REACTION,on_damage,FALSE,0,공격자
FLD-FIRE_D,화염 지대,화염,필드를 화염으로 변경. 상대 턴 종료마다 적 전체 체력 1 피해.,0,0,0,FIELD,"unique;replaces_existing",FALSE,0,전장
FLD-WATER_D,물의 구역,물,필드를 물로 변경. 상대 턴 종료마다 시전자 MP 1 회복.,0,0,0,FIELD,"unique;replaces_existing",FALSE,0,전장
FLD-LIGHT_D,빛의 영역,빛,필드를 빛으로 변경. 상대 턴 종료마다 시전자 체력 2 회복.,0,0,0,FIELD,"unique;replaces_existing",FALSE,0,전장
FLD-DARK_D,암흑의 소용돌이,암흑,"필드를 암흑으로 변경. 상대 턴 종료마다 적 전체 체력 1 피해 및 MP 1 감소. 시전자 체력 1 피해.",0,0,0,FIELD,"unique;replaces_existing;self_damage_on_turn_end=1",FALSE,0,전장
MAG-HP_SAC,체력 전환,없음,"마법 피해 4. 자신의 체력 5 소모. (약함)",0,4,0,MAGIC,self_damage=5,FALSE,0,적 1명
MAG-MP_SAC,정신력 전환,없음,"마법 피해 7. MP 8 소모. (중간)",0,7,8,MAGIC,"single_magic_per_step",FALSE,0,적 1명
ART-FIRE_MP,화염 충전,화염,1회용: MP 3 회복.,0,0,0,MIRACLE,one_time_use,FALSE,0,자신
ART-WATER_DEF,물의 장막,물,"1회용: 강력한 방어 20. MP 5 소모.",0,0,5,DEFENSE,"heavy;one_time_use",FALSE,0,자신
ART-LIGHT_BOOST,신성한 힘,빛,"1회용: 다음 물리/마법 공격 +5. MP 7 소모.",5,5,7,BOOST,"applies_to=attack_step;one_time_use",FALSE,0,자신
ART-DARK_DRAW,암흑의 거래,암흑,1회용: 카드 3장 드로우 후 자신의 체력 3 피해.,0,0,0,MIRACLE,one_time_use,FALSE,0,자신
STT-BLIND,상태: 실명,화염,턴 시작 시: 화염 피해 2. 방어구 하나만 사용 가능.,0,0,0,STATUS,"trigger=atTurnStart;effect=hp_drain;limit_defense=1",FALSE,0,자신
STT-LEG,상태: 다리부상,물,"턴 시작 시: 50% 확률로 턴 건너뛰기. 확률 공격 100% 명중.",0,0,0,STATUS,"trigger=atTurnStart;effect=skip_turn;force_hit=100%",FALSE,0,자신
STT-DREAM,상태: 꿈,빛,새 카드 50% 확률로 동종 카드군 내에서 랜덤 변경.,0,0,0,STATUS,"trigger=onDraw;effect=card_randomize",FALSE,0,자신
STT-MP_DRAIN,상태: 정신력고갈,암흑,"(MP 0일 때만 적용) 턴 시작 시: 체력 5 피해.",0,0,0,STATUS,"trigger=atTurnStart;effect=hp_drain_5;mp_condition=0",FALSE,0,자신
MAG-CLEANSE,정화의 빛,빛,자신에게 걸린 모든 상태 이상 제거. MP 4 소모.,0,0,4,MAGIC,"single_magic_per_step",FALSE,0,자신
MAG-PURGE,숙청,암흑,대상의 무작위 상태 이상 1개 제거. MP 10 소모.,0,0,10,MAGIC,"single_magic_per_step",FALSE,0,적 1명
ATK-BASIC_AOE,전체 공격,없음,"모든 적에게 물리 공격 6. 50% 명중. (중간, 1회용)",6,0,0,ATTACK,"aoe;accuracy=50%;one_time_use",FALSE,0,모든 적
ATK-FIRE_AOE,불꽃 회오리,화염,"모든 적에게 화염 물리 공격 8. 50% 명중. (중간, 1회용)",8,0,0,ATTACK,"aoe;accuracy=50%;one_time_use",FALSE,0,모든 적
ATK-WATER_AOE,물대포,물,"모든 적에게 물 물리 공격 12. 25% 명중. (강함, 1회용)",12,0,0,ATTACK,"aoe;accuracy=25%;one_time_use",FALSE,0,모든 적
ATK-LIGHT_AOE,빛의 파동,빛,"모든 적에게 빛 물리 공격 4. 75% 명중. (약함, 1회용)",4,0,0,ATTACK,"aoe;accuracy=75%;one_time_use",FALSE,0,모든 적
ATK-DARK_AOE,암흑의 전염,암흑,"모든 적에게 암흑 물리 공격 3. 50% 명중. 자신의 체력 4 피해. (중간, 1회용)",3,0,0,ATTACK,"aoe;accuracy=50%;one_time_use;self_damage=4",FALSE,0,모든 적
DEF-SUPER,절대 방어,없음,매우 강력한 일반 방어 18.,0,0,0,DEFENSE,heavy,FALSE,0,자신
WPN-M_FIRE,불꽃의 지팡이,화염,"화염 속성 마법 무기 5. MP 3 소모. (중간)",0,5,3,ATTACK,base_magic,FALSE,0,자신
WPN-M_WATER,물의 룬,물,"물 속성 마법 무기 5. MP 3 소모. (중간)",0,5,3,ATTACK,base_magic,FALSE,0,자신
WPN-M_LIGHT,성스러운 홀,빛,"빛 속성 마법 무기 5. MP 3 소모. (중간)",0,5,3,ATTACK,base_magic,FALSE,0,자신
WPN-M_DARK,그림자의 서,암흑,"암흑 속성 마법 무기 3. MP 7 소모. (중간)",0,3,7,ATTACK,base_magic,FALSE,0,자신
WPN-DUAL,이중 무기,없음,"2회 타격 물리/마법 공격 3. MP 1 소모. (약함, 1회용)",3,2,1,ATTACK,"base_attack;multi_hit=2;one_time_use",FALSE,0,적 1명
ARM-M_DEF,마법 방어구,없음,"마법 피해 50% 감소. 방어 10.",0,0,0,DEFENSE,magic_resist=50%,FALSE,0,자신
ART-DRAW2,2장 드로우,없음,1회용: 카드 2장 드로우.,0,0,0,MIRACLE,one_time_use,FALSE,0,자신
ART-MP_RESTORE,정신력 회복,없음,1회용: MP 5 회복.,0,0,0,MIRACLE,one_time_use,FALSE,0,자신
ART-WIPE,손패 소멸,암흑,"1회용: 대상의 무작위 카드 3장 파괴. MP 12 소모.",0,0,12,MIRACLE,one_time_use,FALSE,0,적 1명
ART-FLIP,속성 역전,없음,"1회용: 다음 1장의 공격 속성을 반대 속성으로 역전 (화염↔물, 빛↔암흑). MP 5 소모.",0,0,5,MIRACLE,one_time_use,FALSE,0,자신
BST-SPD+3,가속 +3,없음,속도 보너스 +3.,0,0,0,BOOST,"stackable;applies_to=speed_step",TRUE,0,자신
REA-REFLECT_A,공격 반사,빛,들어온 물리 피해를 그대로 반사. MP 6 소모.,0,0,6,REACTION,"reflect;on_phys_damage",FALSE,0,공격자
MAG-AOE_HEAL,전체 치유,빛,모든 아군 체력 5 회복. MP 10 소모.,0,0,10,MAGIC,aoe,FALSE,0,모든 플레이어
ATK-RISK,위험한 공격,암흑,"물리 공격 6. 자신의 체력 8 피해. (강함, 1회용)",6,0,0,ATTACK,"self_damage=8;one_time_use",FALSE,0,적 1명
MAG-LAST,최후의 마법,화염,"마법 피해 10. MP 12 소모. (강함)",0,10,12,MAGIC,"single_magic_per_step",FALSE,0,적 1명
DEF-ULTRA,궁극의 방패,없음,궁극의 방어 25.,0,0,0,DEFENSE,heavy,FALSE,0,자신
ART-BERSERK,광포화,화염,"다음 공격력 +5. 체력 3 피해.",5,0,0,BOOST,"self_damage=3;applies_to=attack_step",FALSE,0,자신
ART-MEDITATE,명상,빛,1회용: 카드 1장 드로우, MP 2 회복.,0,0,0,MIRACLE,one_time_use,FALSE,0,자신
REA-GUARD_MP,정신력 방어,없음,방어 10. MP 5 소모.,0,0,5,REACTION,on_damage,FALSE,0,자신
WPN-GREATSWORD,대검,없음,강력한 일반 무기 10. (중간, 1회용),10,0,0,ATTACK,"base_attack;one_time_use",FALSE,0,자신
MAG-LIGHTNING,번개 마법,빛,"마법 피해 7. MP 7 소모. (중간)",0,7,7,MAGIC,"single_magic_per_step",FALSE,0,적 1명
ARM-HEAVY,중갑옷,없음,강력한 일반 방어구 15.,0,0,0,DEFENSE,heavy,FALSE,0,자신
WPN-STAFF,마력 지팡이,없음,"마법 무기 8. MP 5 소모. (중간)",0,8,5,ATTACK,base_magic,FALSE,0,자신
REA-M_DEFENSE,마법 방어,없음,"마법 피해 시 방어 8. MP 4 소모.",0,0,4,REACTION,on_magic_damage,FALSE,0,자신
FLD-BALANCED,균형의 필드,없음,필드 효과 없음.,0,0,0,FIELD,"unique;replaces_existing",FALSE,0,전장
ATK-FIRE_R,화염 집중타,화염,"화염 물리 공격 7. (중간, 1회용)",7,0,0,ATTACK,"base_attack;one_time_use",FALSE,0,적 1명
MAG-WATER_R,물의 조각,물,"물 마법 피해 5. MP 3 소모. (중간)",0,5,3,MAGIC,"single_magic_per_step",FALSE,0,적 1명
DEF-CRITICAL,치명 방어,없음,"방어 10. 치명타 피해 50% 감소.",0,0,0,DEFENSE,resist_critical=50%,FALSE,0,자신
WPN-SHADOW,그림자 검,암흑,"암흑 속성 공격 무기 7. 자신의 체력 2 피해. (중간, 1회용)",7,0,0,ATTACK,"base_attack;one_time_use;self_damage=2",FALSE,0,자신
ARM-HOLY,신성한 망토,빛,"빛 속성 방어 7. 빛/암흑 속성 공격에 대응.",0,0,0,DEFENSE,"resist_light_simple;resist_dark_simple",FALSE,0,자신
BST-SPD+1_F,화염 가속 +1,화염,화염 속성 속도 보너스 +1.,0,0,0,BOOST,"stackable;applies_to=speed_step",TRUE,0,자신
REA-DODGE,순간 회피,없음,물리 피해 시 방어 5.,0,0,0,REACTION,on_phys_damage,FALSE,0,자신
MAG-FIRE_T,실명 유도,없음,실명 상태 이상 부여. MP 4 소모. (약함),0,0,4,MAGIC,apply_status=STT-BLIND,FALSE,0,적 1명
MAG-WATER_T,다리 봉쇄,없음,다리부상 상태 이상 부여. MP 5 소모. (약함),0,0,5,MAGIC,apply_status=STT-LEG,FALSE,0,적 1명
MAG-LIGHT_T,몽환의 빛,없음,꿈 상태 이상 부여. MP 5 소모. (약함),0,0,5,MAGIC,apply_status=STT-DREAM,FALSE,0,적 1명
MAG-DARK_T,정신력 착취,없음,정신력 고갈 상태 이상 부여. MP 7 소모. (약함),0,0,7,MAGIC,apply_status=STT-MP_DRAIN,FALSE,0,적 1명
WPN-M_DUAL,마법 이중,없음,"2회 타격 마법 공격 3. MP 3 소모. (약함)",0,3,3,ATTACK,"base_magic;multi_hit=2",FALSE,0,적 1명
ARM-SPEED,민첩 망토,없음,"방어 4. 속도 +2.",0,0,0,DEFENSE,AddSpeedBonus:2,FALSE,0,자신
BST-MP+4,정신력 회복 +4,없음,MP 회복 보너스 +4.,0,0,0,BOOST,"stackable;applies_to=mp_step",TRUE,0,자신
REA-RETALIATE,보복,암흑,방어 없이 공격자에게 3 반격. MP 2 소모. (약함),3,0,2,REACTION,on_damage,FALSE,0,공격자
ATK-TWIN_F,화염 연타,화염,"2회 타격 화염 물리 공격 4. (약함, 1회용)",4,0,0,ATTACK,"multi_hit=2;base_attack;one_time_use",FALSE,0,적 1명
MAG-QUAD,사중 마법,없음,"4회 타격 마법 피해 2. MP 5 소모. (약함)",0,2,5,MAGIC,"multi_hit=4;single_magic_per_step",FALSE,0,적 1명
DEF-GUARD_F,견고한 방패,없음,강력한 일반 방어 14.,0,0,0,DEFENSE,heavy,FALSE,0,자신
WPN-AXE,도끼,없음,물리 공격 무기 9. (중간, 1회용),9,0,0,ATTACK,"base_attack;one_time_use",FALSE,0,자신
ARM-SHIELD,강화 방패,없음,일반 방어구 10.,0,0,0,DEFENSE,FALSE,0,자신
ART-MP_EX,정신력 추출,암흑,"1회용: 대상의 MP 5 감소. MP 10 소모.",0,0,10,MIRACLE,one_time_use,FALSE,0,적 1명
REA-BLOCK_F,신속 방어,없음,"방어 6. MP 3 소모.",0,0,3,REACTION,on_damage,FALSE,0,자신
ATK-LIGHT_R,빛의 도약,빛,"빛 물리 공격 7. (중간, 1회용)",7,0,0,ATTACK,"base_attack;one_time_use",FALSE,0,적 1명
MAG-DARK_R,그림자 주입,암흑,"암흑 마법 피해 2. MP 6 소모. (중간)",0,2,6,MAGIC,"single_magic_per_step",FALSE,0,적 1명
DEF-WALL_F,수호의 벽,없음,매우 강력한 일반 방어 16.,0,0,0,DEFENSE,heavy,FALSE,0,자신
WPN-DAGGER,단검,없음,물리 공격 무기 5. (약함, 1회용),5,0,0,ATTACK,"base_attack;one_time_use",FALSE,0,자신
ARM-GLOVES,장갑,없음,일반 방어구 2.,0,0,0,DEFENSE,FALSE,0,자신
BST-MP_COST,MP 소모 감소,없음,다음 카드 MP 소모 -1.,0,0,-1,BOOST,"stackable;applies_to=mp_cost_step",TRUE,0,자신
REA-M_REFLECT,마법 반사,빛,마법 피해를 그대로 반사. MP 8 소모.,0,0,8,REACTION,"reflect;on_magic_damage",FALSE,0,공격자
ART-DRAW1,1장 드로우,없음,1회용: 카드 1장 드로우.,0,0,0,MIRACLE,one_time_use,FALSE,0,자신
ART-REVIVE,작은 부활,빛,"1회용: 체력 20 회복. MP 15 소모.",0,0,15,MIRACLE,one_time_use,FALSE,0,자신
MAG-SELF_H,자기 희생,암흑,"마법 피해 4. 자신의 체력 15 소모. (중간)",0,4,3,MAGIC,self_damage=15,FALSE,0,적 1명
DEF-HASTE,신속 방어,없음,"방어 7. 속도 +1.",0,0,0,DEFENSE,AddSpeedBonus:1,FALSE,0,자신
WPN-SWORD,검,없음,물리 공격 무기 7. (중간, 1회용),7,0,0,ATTACK,"base_attack;one_time_use",FALSE,0,자신
ARM-ROBE,로브,없음,일반 방어구 5.,0,0,0,DEFENSE,FALSE,0,자신
BST-ATK+1,공격 강화 +1,없음,공격력 보너스 +1.,1,0,0,BOOST,"stackable;applies_to=attack_step",TRUE,0,자신
BST-M_ATK+1,마법 강화 +1,없음,마법 피해 보너스 +1.,0,1,0,BOOST,"stackable;applies_to=magic_step",TRUE,0,자신
MAG-BASIC_H,대파괴 마법,없음,"마법 피해 9. MP 6 소모. (강함)",0,9,6,MAGIC,"single_magic_per_step",FALSE,0,적 1명
ATK-BASIC_H,전력 공격,없음,"물리 공격 11. (강함, 1회용)",11,0,0,ATTACK,"base_attack;one_time_use",FALSE,0,적 1명
REA-BASIC,단순 반격,없음,방어 2 후 공격자에게 3 반격. (약함),3,0,0,REACTION,on_damage,FALSE,0,공격자
ART-DEF_FLIP,방어 전환,없음,"1회용: 다음 방어 효과를 다음 1장의 공격으로 전환. MP 4 소모.",0,0,4,MIRACLE,one_time_use,FALSE,0,자신
WPN-M_FIRE,불꽃의 지팡이,화염,"화염 속성 마법 무기 5. MP 3 소모. (중간)",0,5,3,ATTACK,base_magic,FALSE,0,자신
WPN-M_WATER,물의 룬,물,"물 속성 마법 무기 5. MP 3 소모. (중간)",0,5,3,ATTACK,base_magic,FALSE,0,자신
WPN-M_LIGHT,성스러운 홀,빛,"빛 속성 마법 무기 5. MP 3 소모. (중간)",0,5,3,ATTACK,base_magic,FALSE,0,자신
WPN-DUAL,이중 무기,없음,"2회 타격 물리/마법 공격 3. MP 1 소모. (약함, 1회용)",3,2,1,ATTACK,"base_attack;multi_hit=2;one_time_use",FALSE,0,적 1명
BST-ATK+2_F,화염 공격 +2,화염,화염 속성 공격력 보너스 +2.,2,0,0,BOOST,"stackable;applies_to=attack_step",TRUE,0,자신
BST-ATK+2_W,물 공격 +2,물,물 속성 공격력 보너스 +2.,2,0,0,BOOST,"stackable;applies_to=attack_step",TRUE,0,자신
BST-ATK+2_L,빛 공격 +2,빛,빛 속성 공격력 보너스 +2.,2,0,0,BOOST,"stackable;applies_to=attack_step",TRUE,0,자신
BST-ATK+2_D,암흑 공격 +2,암흑,암흑 속성 공격력 보너스 +2.,2,0,0,BOOST,"stackable;applies_to=attack_step",TRUE,0,자신
BST-M_ATK+2_F,화염 마법 +2,화염,화염 마법 피해 보너스 +2.,0,2,0,BOOST,"stackable;applies_to=magic_step",TRUE,0,자신
BST-M_ATK+2_W,물 마법 +2,물,물 마법 피해 보너스 +2.,0,2,0,BOOST,"stackable;applies_to=magic_step",TRUE,0,자신
BST-M_ATK+2_L,빛 마법 +2,빛,빛 마법 피해 보너스 +2.,0,2,0,BOOST,"stackable;applies_to=magic_step",TRUE,0,자신
BST-M_ATK+2_D,암흑 마법 +2,암흑,암흑 마법 피해 보너스 +2.,0,2,0,BOOST,"stackable;applies_to=magic_step",TRUE,0,자신
REA-FIRE,화염 반격,화염,방어 3 후 공격자에게 화염 2 반격. (약함),2,0,0,REACTION,on_damage,FALSE,0,공격자
REA-WATER,물 반격,물,방어 3 후 공격자에게 물 2 반격. (약함),2,0,0,REACTION,on_damage,FALSE,0,공격자
REA-LIGHT,빛 반격,빛,방어 3 후 공격자에게 빛 2 반격. (약함),2,0,0,REACTION,on_damage,FALSE,0,공격자
MAG-LIGHTNING,번개 마법,빛,"마법 피해 7. MP 7 소모. (중간)",0,7,7,MAGIC,"single_magic_per_step",FALSE,0,적 1명
WPN-STAFF,마력 지팡이,없음,"마법 무기 8. MP 5 소모. (중간)",0,8,5,ATTACK,base_magic,FALSE,0,자신
REA-M_DEFENSE,마법 방어,없음,"마법 피해 시 방어 8. MP 4 소모.",0,0,4,REACTION,on_magic_damage,FALSE,0,자신
ATK-TWIN_F,화염 연타,화염,"2회 타격 화염 물리 공격 4. (약함, 1회용)",4,0,0,ATTACK,"multi_hit=2;base_attack;one_time_use",FALSE,0,적 1명
MAG-QUAD,사중 마법,없음,"4회 타격 마법 피해 2. MP 5 소모. (약함)",0,2,5,MAGIC,"multi_hit=4;single_magic_per_step",FALSE,0,적 1명
WPN-M_DUAL,마법 이중,없음,"2회 타격 마법 공격 3. MP 3 소모. (약함)",0,3,3,ATTACK,"base_magic;multi_hit=2",FALSE,0,적 1명